x_px,y_px,radius_px,contrast,orientation_deg
2297,4181,9,193.89,178.0
3421,1011,9,208.67,124.6
130,4022,9,54.67,175.9
2750,4403,9,50.78,158.6
2645,1443,8,58.88,48.3
649,2293,9,35.22,80.1
1829,4021,9,45.44,48.2
2079,477,9,120.33,139.3
2793,2127,9,46.89,100.4
3263,3712,9,48.22,72.1
1641,1601,9,94.11,96.6
3556,75,8,36.5,62.6
283,2935,9,83.78,93.9
2291,3040,9,33.22,22.5
3129,2840,9,68.0,68.5
3747,734,9,43.33,14.6
1225,1045,8,79.75,13.4
1379,1155,7,44.86,40.0
1961,3604,9,33.33,88.1
3199,1048,9,67.44,90.8
579,1808,9,42.44,149.3
2747,4430,9,27.44,158.2
837,1293,8,207.0,118.4
1424,1439,8,34.5,86.8
1324,3591,8,83.88,39.7
2625,793,8,89.25,143.0
976,2257,8,68.0,68.3
31,3921,9,101.78,152.0
1282,3287,9,66.22,29.6
6605,131,9,34.0,89.4
1615,914,8,79.12,146.9
2279,2254,8,96.12,58.6
4613,405,8,70.5,49.6
1161,523,7,37.0,158.4
1118,1705,9,52.56,7.6
1324,2360,9,45.56,87.9
2692,3706,9,39.0,16.2
6364,113,9,163.44,55.2
1581,2848,9,33.22,6.6
2288,731,9,68.44,71.9
832,1507,8,194.75,138.6
2228,914,8,66.12,100.1
2045,1088,8,28.62,77.9
2840,2073,8,29.5,36.1
177,4199,6,69.5,94.5
2111,3370,9,43.0,108.3
2795,933,9,69.11,22.9
3659,971,9,63.78,4.2
2173,695,8,47.12,81.8
3290,4007,8,27.62,56.1
1292,1838,7,223.29,165.3
4555,307,6,35.33,37.9
533,4037,9,31.22,134.1
1059,3268,9,35.67,62.0
2765,3861,9,66.67,99.6
4289,232,9,58.22,88.3
185,4269,9,38.89,153.5
2638,3131,8,34.0,132.5
4180,356,8,32.88,5.8
4251,55,8,55.62,4.7
581,1267,7,42.29,105.5
3152,4207,7,27.86,138.1
3401,857,7,56.29,75.1
3556,4409,7,35.43,73.9
2612,3131,7,67.43,88.4
2986,962,7,29.43,125.7
2157,575,6,60.0,178.2
3551,1923,6,100.0,140.9
47,2380,9,26.78,50.4
995,3933,9,40.78,150.3
1235,4137,9,67.11,134.5
1653,1001,9,38.44,100.4
2216,1369,9,48.89,130.3
3026,2067,9,37.56,107.8
3029,2367,9,40.78,85.0
3103,1123,9,36.22,88.1
1636,1361,9,31.22,31.9
668,3385,8,41.38,130.0
926,1769,8,205.12,99.4
967,3283,8,31.12,136.3
1724,1013,8,49.0,31.0
2067,1207,8,28.5,139.8
2499,4407,8,34.12,40.6
2506,4037,8,29.62,128.9
2977,4081,8,38.75,158.7
3355,1244,8,183.62,107.5
561,2792,8,53.62,57.3
1369,1192,9,138.33,73.5
3237,1929,9,54.11,107.4
2830,1081,9,37.22,173.1
1336,791,8,31.12,28.0
2398,664,8,35.38,162.5
3068,1907,8,42.5,78.2
4198,133,8,51.25,0.6
6483,158,8,59.25,152.5
3464,4213,8,45.38,36.7
446,2818,7,38.43,1.1
2397,3921,7,46.0,43.2
2060,2961,7,30.14,53.4
2050,2413,5,119.8,124.4
17,3419,9,39.22,146.6
179,2839,9,45.44,44.3
700,490,9,54.67,152.0
1532,2967,9,89.33,11.5
2031,3586,9,75.0,98.7
2158,915,9,29.89,103.5
2521,3700,9,42.22,137.7
2665,4094,9,143.56,84.9
3377,4189,9,49.44,23.3
3859,877,9,31.44,156.4
4202,286,9,31.22,125.3
5343,415,9,57.89,68.2
6590,439,9,82.33,71.9
299,2173,8,36.0,98.0
526,553,8,219.25,84.6
1273,3233,8,41.75,24.8
1376,3652,8,57.62,105.4
2457,2218,8,70.25,129.6
3524,3880,8,56.0,109.9
4358,355,8,31.5,39.4
553,1839,8,135.62,53.9
1175,595,8,58.88,156.7
1803,1559,8,25.62,83.7
5372,245,8,36.38,41.2
5438,386,8,37.88,158.8
1727,3106,6,29.67,46.8
2735,2050,6,81.83,113.2
602,1376,9,36.33,75.9
1699,814,9,84.22,150.2
3229,2623,9,27.89,14.9
764,2705,9,69.22,110.9
1481,1862,8,34.75,42.5
1829,3533,8,54.62,79.6
2183,2335,8,62.88,170.7
2356,1457,8,55.38,25.4
2651,2607,8,64.0,135.2
5176,272,8,80.75,1.9
6506,431,8,28.12,120.0
166,4216,8,91.0,173.7
2205,562,8,26.88,81.0
2807,713,8,87.5,168.1
11,2043,8,47.38,175.9
3399,2401,8,34.5,126.9
1015,3583,7,25.29,1.6
1207,3203,7,25.14,158.3
1579,934,7,33.86,92.6
1981,2168,7,27.14,94.4
3277,2271,7,33.71,33.8
5385,439,7,33.29,132.9
2683,3526,7,32.86,62.5
2841,647,7,200.71,145.9
6217,428,7,48.14,143.4
417,2995,6,33.0,43.5
1993,2225,6,29.83,167.8
6344,317,6,46.17,75.4
5455,257,6,45.67,74.6
566,2595,5,28.2,29.8
927,4258,5,32.6,79.1
1430,2753,5,53.2,121.1
